time_s,target_FL,target_FR,target_RL,target_RR,actual_FL,actual_FR,actual_RL,actual_RR
0.104,0.0000,0.0000,0.0000,0.0000,0.0000,0.0000,0.0000,0.0000
0.204,0.0000,0.0000,0.0000,0.0000,0.0000,0.0000,0.0000,0.0000
0.304,0.0000,0.0000,0.0000,0.0000,0.0000,0.0000,0.0000,0.0000
0.404,0.0000,0.0000,0.0000,0.0000,0.0000,0.0000,0.0000,0.0000
0.504,0.0000,0.0000,0.0000,0.0000,0.0000,0.0000,0.0000,0.0000
0.605,0.0000,0.0000,0.0000,0.0000,0.0000,0.0000,0.0000,0.0000
0.704,0.0000,0.0000,0.0000,0.0000,0.0000,0.0000,0.0000,0.0000
0.804,0.0000,0.0000,0.0000,0.0000,0.0000,0.0000,0.0000,0.0000
0.904,0.0000,0.0000,0.0000,0.0000,0.0000,0.0000,0.0000,0.0000
1.004,0.0000,0.0000,0.0000,0.0000,0.0000,0.0000,0.0000,0.0000
1.104,0.0000,0.0000,0.0000,0.0000,0.0000,0.0000,0.0000,0.0000
1.205,0.0000,0.0000,0.0000,0.0000,0.0000,0.0000,0.0000,0.0000
1.304,0.0000,0.0000,0.0000,0.0000,0.0000,0.0000,0.0000,0.0000
1.404,0.0000,0.0000,0.0000,0.0000,0.0000,0.0000,0.0000,0.0000
1.504,0.0000,0.0000,0.0000,0.0000,0.0000,0.0000,0.0000,0.0000
1.604,0.0000,0.0000,0.0000,0.0000,0.0000,0.0000,0.0000,0.0000
1.704,0.0000,0.0000,0.0000,0.0000,0.0000,0.0000,0.0000,0.0000
1.804,0.0000,0.0000,0.0000,0.0000,0.0000,0.0000,0.0000,0.0000
1.904,0.0000,0.0000,0.0000,0.0000,0.0000,0.0000,0.0000,0.0000
2.005,0.0000,0.0000,0.0000,0.0000,0.0000,0.0000,0.0000,0.0000
2.104,0.0000,0.0000,0.0000,0.0000,0.0000,0.0000,0.0000,0.0000
2.204,0.0000,0.0000,0.0000,0.0000,0.0000,0.0000,0.0000,0.0000
2.304,0.0000,0.0000,0.0000,0.0000,0.0000,0.0000,0.0000,0.0000
2.404,0.0000,0.0000,0.0000,0.0000,0.0000,0.0000,0.0000,0.0000
2.504,0.0000,0.0000,0.0000,0.0000,0.0000,0.0000,0.0000,0.0000
2.604,0.0000,0.0000,0.0000,0.0000,0.0000,0.0000,0.0000,0.0000
2.704,0.0000,0.0000,0.0000,0.0000,0.0000,0.0000,0.0000,0.0000
2.804,0.0000,0.0000,0.0000,0.0000,0.0000,0.0000,0.0000,0.0000
2.904,0.0000,0.0000,0.0000,0.0000,0.0000,0.0000,0.0000,0.0000
3.004,0.0000,0.0000,0.0000,0.0000,0.0000,0.0000,0.0000,0.0000
3.105,0.0000,0.0000,0.0000,0.0000,0.0000,0.0000,0.0000,0.0000
3.205,0.0000,0.0000,0.0000,0.0000,0.0000,0.0000,0.0000,0.0000
3.304,0.0000,0.0000,0.0000,0.0000,0.0000,0.0000,0.0000,0.0000
3.405,0.0000,0.0000,0.0000,0.0000,0.0000,0.0000,0.0000,0.0000
3.504,0.0000,0.0000,0.0000,0.0000,0.0000,0.0000,0.0000,0.0000
3.605,0.0000,0.0000,0.0000,0.0000,0.0000,0.0000,0.0000,0.0000
3.704,0.0000,0.0000,0.0000,0.0000,0.0000,0.0000,0.0000,0.0000
3.805,0.0000,0.0000,0.0000,0.0000,0.0000,0.0000,0.0000,0.0000
3.905,0.0000,0.0000,0.0000,0.0000,0.0000,0.0000,0.0000,0.0000
4.005,0.0000,0.0000,0.0000,0.0000,0.0000,0.0000,0.0000,0.0000
4.104,0.0000,0.0000,0.0000,0.0000,0.0000,0.0000,0.0000,0.0000
4.204,0.0000,0.0000,0.0000,0.0000,0.0000,0.0000,0.0000,0.0000
4.305,0.0000,0.0000,0.0000,0.0000,0.0000,0.0000,0.0000,0.0000
4.404,0.0000,0.0000,0.0000,0.0000,0.0000,0.0000,0.0000,0.0000
4.504,0.0000,0.0000,0.0000,0.0000,0.0000,0.0000,0.0000,0.0000
4.604,0.0000,0.0000,0.0000,0.0000,0.0000,0.0000,0.0000,0.0000
4.704,0.0000,0.0000,0.0000,0.0000,0.0000,0.0000,0.0000,0.0000
4.804,0.0000,0.0000,0.0000,0.0000,0.0000,0.0000,0.0000,0.0000
4.904,0.0000,0.0000,0.0000,0.0000,0.0000,0.0000,0.0000,0.0000
5.004,0.0000,0.0000,0.0000,0.0000,0.0000,0.0000,0.0000,0.0000
5.104,0.0000,0.0000,0.0000,0.0000,0.0000,0.0000,0.0000,0.0000
5.204,0.0000,0.0000,0.0000,0.0000,0.0000,0.0000,0.0000,0.0000
5.304,0.0000,0.0000,0.0000,0.0000,0.0000,0.0000,0.0000,0.0000
5.404,0.0000,0.0000,0.0000,0.0000,0.0000,0.0000,0.0000,0.0000
5.504,0.0000,0.0000,0.0000,0.0000,0.0000,0.0000,0.0000,0.0000
5.604,0.0000,0.0000,0.0000,0.0000,0.0000,0.0000,0.0000,0.0000
5.704,0.0000,0.0000,0.0000,0.0000,0.0000,0.0000,0.0000,0.0000
5.804,0.0000,0.0000,0.0000,0.0000,0.0000,0.0000,0.0000,0.0000
5.904,0.0000,0.0000,0.0000,0.0000,0.0000,0.0000,0.0000,0.0000
6.004,0.0000,0.0000,0.0000,0.0000,0.0000,0.0000,0.0000,0.0000
6.104,0.0000,0.0000,0.0000,0.0000,0.0000,0.0000,0.0000,0.0000
6.204,0.0000,0.0000,0.0000,0.0000,0.0000,0.0000,0.0000,0.0000
6.304,0.0000,0.0000,0.0000,0.0000,0.0000,0.0000,0.0000,0.0000
6.405,0.0000,0.0000,0.0000,0.0000,0.0000,0.0000,0.0000,0.0000
6.504,0.0000,0.0000,0.0000,0.0000,0.0000,0.0000,0.0000,0.0000
6.604,0.0000,0.0000,0.0000,0.0000,0.0000,0.0000,0.0000,0.0000
6.704,0.0000,0.0000,0.0000,0.0000,0.0000,0.0000,0.0000,0.0000
6.804,0.0000,0.0000,0.0000,0.0000,0.0000,0.0000,0.0000,0.0000
6.904,0.0000,0.0000,0.0000,0.0000,0.0000,0.0000,0.0000,0.0000
7.004,0.0000,0.0000,0.0000,0.0000,0.0000,0.0000,0.0000,0.0000
7.105,0.0000,0.0000,0.0000,0.0000,0.0000,0.0000,0.0000,0.0000
7.204,0.0000,0.0000,0.0000,0.0000,0.0000,0.0000,0.0000,0.0000
7.304,0.0000,0.0000,0.0000,0.0000,0.0000,0.0000,0.0000,0.0000
7.405,0.0000,0.0000,0.0000,0.0000,0.0000,0.0000,0.0000,0.0000
7.504,0.0000,0.0000,0.0000,0.0000,0.0000,0.0000,0.0000,0.0000
7.604,0.0000,0.0000,0.0000,0.0000,0.0000,0.0000,0.0000,0.0000
7.704,0.0000,0.0000,0.0000,0.0000,0.0000,0.0000,0.0000,0.0000
7.804,0.0000,0.0000,0.0000,0.0000,0.0000,0.0000,0.0000,0.0000
7.905,0.0000,0.0000,0.0000,0.0000,0.0000,0.0000,0.0000,0.0000
8.004,0.0000,0.0000,0.0000,0.0000,0.0000,0.0000,0.0000,0.0000
8.105,0.0000,0.0000,0.0000,0.0000,0.0000,0.0000,0.0000,0.0000
8.205,0.0000,0.0000,0.0000,0.0000,0.0000,0.0000,0.0000,0.0000
8.304,0.0000,0.0000,0.0000,0.0000,0.0000,0.0000,0.0000,0.0000
8.405,0.0000,0.0000,0.0000,0.0000,0.0000,0.0000,0.0000,0.0000
8.504,0.0000,0.0000,0.0000,0.0000,0.0000,0.0000,0.0000,0.0000
8.604,0.0000,0.0000,0.0000,0.0000,0.0000,0.0000,0.0000,0.0000
8.704,0.0000,0.0000,0.0000,0.0000,0.0000,0.0000,0.0000,0.0000
8.804,0.0000,0.0000,0.0000,0.0000,0.0000,0.0000,0.0000,0.0000
8.904,0.0000,0.0000,0.0000,0.0000,0.0000,0.0000,0.0000,0.0000
9.004,0.0000,0.0000,0.0000,0.0000,0.0000,0.0000,0.0000,0.0000
9.104,0.0000,0.0000,0.0000,0.0000,0.0000,0.0000,0.0000,0.0000
9.205,0.0000,0.0000,0.0000,0.0000,0.0000,0.0000,0.0000,0.0000
9.304,0.0000,0.0000,0.0000,0.0000,0.0000,0.0000,0.0000,0.0000
9.404,0.0000,0.0000,0.0000,0.0000,0.0000,0.0000,0.0000,0.0000
9.505,0.0000,0.0000,0.0000,0.0000,0.0000,0.0000,0.0000,0.0000
9.604,0.0000,0.0000,0.0000,0.0000,0.0000,0.0000,0.0000,0.0000
9.704,0.0000,0.0000,0.0000,0.0000,0.0000,0.0000,0.0000,0.0000
9.804,0.0000,0.0000,0.0000,0.0000,0.0000,0.0000,0.0000,0.0000
9.904,0.0000,0.0000,0.0000,0.0000,0.0000,0.0000,0.0000,0.0000
10.004,0.0000,0.0000,0.0000,0.0000,0.0000,0.0000,0.0000,0.0000
10.104,0.0000,0.0000,0.0000,0.0000,0.0000,0.0000,0.0000,0.0000
10.204,0.0000,0.0000,0.0000,0.0000,0.0000,0.0000,0.0000,0.0000
10.305,0.0000,0.0000,0.0000,0.0000,0.0000,0.0000,0.0000,0.0000
10.404,0.0000,0.0000,0.0000,0.0000,0.0000,0.0000,0.0000,0.0000
10.504,0.0000,0.0000,0.0000,0.0000,0.0000,0.0000,0.0000,0.0000
10.604,0.0000,0.0000,0.0000,0.0000,0.0000,0.0000,0.0000,0.0000
10.704,0.0000,0.0000,0.0000,0.0000,0.0000,0.0000,0.0000,0.0000
10.804,0.0000,0.0000,0.0000,0.0000,0.0000,0.0000,0.0000,0.0000
10.904,0.0000,0.0000,0.0000,0.0000,0.0000,0.0000,0.0000,0.0000
11.004,0.0000,0.0000,0.0000,0.0000,0.0000,0.0000,0.0000,0.0000
11.105,0.0000,0.0000,0.0000,0.0000,0.0000,0.0000,0.0000,0.0000
11.204,0.0000,0.0000,0.0000,0.0000,0.0000,0.0000,0.0000,0.0000
11.304,0.0000,0.0000,0.0000,0.0000,0.0000,0.0000,0.0000,0.0000
11.404,0.0000,0.0000,0.0000,0.0000,0.0000,0.0000,0.0000,0.0000
11.505,0.0000,0.0000,0.0000,0.0000,0.0000,0.0000,0.0000,0.0000
11.605,0.0000,0.0000,0.0000,0.0000,0.0000,0.0000,0.0000,0.0000
11.704,0.0000,0.0000,0.0000,0.0000,0.0000,0.0000,0.0000,0.0000
11.804,0.0000,0.0000,0.0000,0.0000,0.0000,0.0000,0.0000,0.0000
11.904,0.0000,0.0000,0.0000,0.0000,0.0000,0.0000,0.0000,0.0000
12.004,0.0000,0.0000,0.0000,0.0000,0.0000,0.0000,0.0000,0.0000
12.104,0.0000,0.0000,0.0000,0.0000,0.0000,0.0000,0.0000,0.0000
12.204,0.0000,0.0000,0.0000,0.0000,0.0000,0.0000,0.0000,0.0000
12.304,0.0000,0.0000,0.0000,0.0000,0.0000,0.0000,0.0000,0.0000
12.404,0.0000,0.0000,0.0000,0.0000,0.0000,0.0000,0.0000,0.0000
12.504,0.0000,0.0000,0.0000,0.0000,0.0000,0.0000,0.0000,0.0000
12.604,0.0000,0.0000,0.0000,0.0000,0.0000,0.0000,0.0000,0.0000
12.704,0.0000,0.0000,0.0000,0.0000,0.0000,0.0000,0.0000,0.0000
12.805,0.0000,0.0000,0.0000,0.0000,0.0000,0.0000,0.0000,0.0000
12.904,0.0000,0.0000,0.0000,0.0000,0.0000,0.0000,0.0000,0.0000
13.004,0.0000,0.0000,0.0000,0.0000,0.0000,0.0000,0.0000,0.0000
13.104,0.0000,0.0000,0.0000,0.0000,0.0000,0.0000,0.0000,0.0000
13.204,0.0000,0.3083,0.0000,0.3083,0.0000,0.0000,0.0000,0.0000
13.304,0.1504,0.3149,0.1504,0.3149,0.0000,0.0366,0.0000,0.0000
13.404,0.1516,0.3171,0.1516,0.3171,0.0183,0.1280,0.0000,0.0362
13.505,0.1520,0.3178,0.1520,0.3178,0.0545,0.2005,0.0183,0.1826
13.605,0.1521,0.3181,0.1521,0.3181,0.1098,0.2926,0.0726,0.2731
13.704,0.1521,0.3181,0.1521,0.3181,0.1464,0.3659,0.1096,0.3655
13.804,0.1521,0.3182,0.1521,0.3182,0.1824,0.3831,0.1644,0.4390
13.904,0.1521,0.3182,0.1521,0.3182,0.1828,0.4021,0.2010,0.3840
14.004,0.1521,0.3182,0.1521,0.3182,0.1637,0.3824,0.1828,0.3838
14.104,0.1521,0.3182,0.1521,0.3182,0.1633,0.3449,0.1828,0.3838
14.204,0.1521,0.3182,0.1521,0.3182,0.1456,0.2911,0.1821,0.3639
14.304,0.1521,0.3182,0.1521,0.3182,0.1271,0.2540,0.1453,0.3086
14.404,0.1521,0.3182,0.1521,0.3182,0.1279,0.2555,0.1274,0.2725
14.504,0.1521,0.3182,0.1521,0.3182,0.1278,0.2374,0.1274,0.2725
14.604,0.1521,0.3182,0.1521,0.3182,0.1097,0.2564,0.1274,0.2725
14.704,0.1521,0.3182,0.1521,0.3182,0.1283,0.2937,0.1217,0.2553
14.804,0.1521,0.3182,0.1521,0.3182,0.1461,0.2928,0.1221,0.2560
14.904,0.1521,0.3182,0.1521,0.3182,0.1464,0.3299,0.1405,0.2931
15.005,0.1521,0.3182,0.1521,0.3182,0.1642,0.3466,0.1405,0.3299
15.105,0.1521,0.3182,0.1521,0.3182,0.1645,0.3472,0.1650,0.3484
15.205,0.1521,0.3182,0.1521,0.3182,0.1456,0.3459,0.1646,0.3476
15.304,0.1521,0.3182,0.1521,0.3182,0.1459,0.3469,0.1642,0.3467
15.404,0.1521,0.3182,0.1521,0.3182,0.1463,0.3295,0.1642,0.3283
15.504,0.1521,0.3182,0.1521,0.3182,0.1460,0.3104,0.1458,0.3098
15.605,0.1521,0.3182,0.1521,0.3182,0.1467,0.3118,0.1463,0.3107
15.704,0.1521,0.3182,0.1521,0.3182,0.1463,0.2926,0.1467,0.2933
15.804,0.1521,0.3182,0.1521,0.3182,0.1467,0.2933,0.1464,0.2927
15.904,0.1521,0.3182,0.1521,0.3182,0.1467,0.2934,0.1464,0.3110
16.005,0.1521,0.3182,0.1521,0.3182,0.1466,0.3115,0.1463,0.3109
16.105,0.1521,0.3182,0.1521,0.3182,0.1463,0.3109,0.1463,0.3292
16.205,0.1521,0.3182,0.1521,0.3182,0.1459,0.3284,0.1462,0.3290
16.305,0.1521,0.3182,0.1521,0.3182,0.1459,0.3283,0.1461,0.3106
16.405,0.1521,0.3182,0.1521,0.3182,0.1460,0.3285,0.1463,0.3292
16.505,0.1521,0.3182,0.1521,0.3182,0.1463,0.3291,0.1455,0.3094
16.605,0.1521,0.3182,0.1521,0.3182,0.1463,0.3109,0.1457,0.3097
16.705,0.1521,0.3182,0.1521,0.3182,0.1456,0.3274,0.1461,0.3291
16.805,0.1521,0.3182,0.1521,0.3182,0.1452,0.3083,0.1451,0.3086
16.905,0.1521,0.3182,0.1521,0.3182,0.1452,0.3083,0.1460,0.3105
17.005,0.1521,0.3182,0.1521,0.3182,0.1630,0.3257,0.1456,0.3278
17.104,0.1521,0.3182,0.1521,0.3182,0.1641,0.3100,0.1456,0.3093
17.205,0.1521,0.3182,0.1521,0.3182,0.1648,0.3299,0.1648,0.3293
17.304,0.1521,0.3182,0.1521,0.3182,0.1648,0.3299,0.1646,0.3290
17.405,0.1521,0.3182,0.1521,0.3182,0.1466,0.3299,0.1649,0.3298
17.505,0.1521,0.3182,0.1521,0.3182,0.1463,0.3291,0.1649,0.3298
17.604,0.1521,0.3182,0.1521,0.3182,0.1459,0.3283,0.1649,0.3298
17.704,0.1521,0.3182,0.1521,0.3182,0.1463,0.3290,0.1644,0.3349
17.804,0.1521,0.3182,0.1521,0.3182,0.1463,0.3109,0.1465,0.3357
17.904,0.1521,0.3182,0.1521,0.3182,0.1463,0.3292,0.1465,0.3358
18.004,0.1521,0.3182,0.1521,0.3182,0.1463,0.3109,0.1465,0.3176
18.104,0.1521,0.3182,0.1521,0.3182,0.1463,0.3109,0.1462,0.3290
18.204,0.1521,0.3182,0.1521,0.3182,0.1463,0.3289,0.1463,0.3106
18.304,0.1521,0.3182,0.1521,0.3182,0.1463,0.3106,0.1463,0.3107
18.404,0.1521,0.3182,0.1521,0.3182,0.1463,0.3289,0.1641,0.3281
18.504,0.1521,0.3182,0.1521,0.3182,0.1459,0.3282,0.1644,0.3106
18.604,0.1521,0.3182,0.1521,0.3182,0.1640,0.3283,0.1641,0.3283
18.704,0.1521,0.3182,0.1521,0.3182,0.1641,0.3283,0.1641,0.3283
18.804,0.1521,0.3182,0.1521,0.3182,0.1644,0.3291,0.1642,0.3378
18.904,0.1521,0.3182,0.1521,0.3182,0.1644,0.3291,0.1464,0.3386
19.004,0.1521,0.3182,0.1521,0.3182,0.1466,0.3117,0.1462,0.3381
19.104,0.1521,0.3182,0.1521,0.3182,0.1466,0.3117,0.1465,0.3204
19.204,0.1521,0.3182,0.1521,0.3182,0.1463,0.3108,0.1456,0.3094
19.304,0.1521,0.3182,0.1521,0.3182,0.1463,0.3109,0.1460,0.2920
19.404,0.1521,0.3182,0.1521,0.3182,0.1459,0.3101,0.1460,0.2920
19.504,0.1521,0.3182,0.1521,0.3182,0.1444,0.3070,0.1457,0.3003
19.604,0.1521,0.3182,0.1521,0.3182,0.1451,0.2901,0.1463,0.3016
19.704,0.1521,0.3182,0.1521,0.3182,0.1444,0.3067,0.1463,0.3016
19.804,0.1521,0.3182,0.1521,0.3182,0.1449,0.3261,0.1466,0.3111
19.905,0.1521,0.3182,0.1521,0.3182,0.1465,0.3294,0.1463,0.3105
20.004,0.1521,0.3182,0.1521,0.3182,0.1458,0.3461,0.1468,0.3208
20.104,0.1521,0.3182,0.1521,0.3182,0.1465,0.3479,0.1453,0.3359
20.204,0.1521,0.3182,0.1521,0.3182,0.1461,0.3288,0.1458,0.3279
20.304,0.1521,0.3182,0.1521,0.3182,0.1461,0.3287,0.1457,0.3461
20.405,0.1521,0.3182,0.1521,0.3182,0.1463,0.3293,0.1462,0.3287
20.504,0.1521,0.3182,0.1521,0.3182,0.1460,0.3104,0.1463,0.3109
20.604,0.1521,0.3182,0.1521,0.3182,0.1465,0.3113,0.1463,0.3108
20.704,0.1521,0.3182,0.1521,0.3182,0.1462,0.3108,0.1463,0.2926
20.804,0.1521,0.3182,0.1521,0.3182,0.1460,0.2920,0.1461,0.3104
20.904,0.1521,0.3182,0.1521,0.3182,0.1463,0.2925,0.1461,0.3104
21.004,0.1521,0.3182,0.1521,0.3182,0.1459,0.3101,0.1463,0.3109
21.104,0.1521,0.3182,0.1521,0.3182,0.1462,0.3289,0.1463,0.3292
21.204,0.1521,0.3182,0.1521,0.3182,0.1463,0.3291,0.1463,0.3474
21.304,0.1521,0.3182,0.1521,0.3182,0.1463,0.3474,0.1640,0.3284
21.404,0.1521,0.3182,0.1521,0.3182,0.1459,0.3283,0.1640,0.3284
21.505,0.1521,0.3182,0.1521,0.3182,0.1459,0.3101,0.1640,0.3375
21.604,0.1521,0.3182,0.1521,0.3182,0.1459,0.3101,0.1636,0.3184
21.704,0.1521,0.3182,0.1521,0.3182,0.1459,0.2919,0.1636,0.3184
21.804,0.1521,0.3182,0.1521,0.3182,0.1463,0.2927,0.1633,0.2996
21.904,0.1521,0.3182,0.1521,0.3182,0.1463,0.3108,0.1633,0.2996
22.004,0.1521,0.3182,0.1521,0.3182,0.1459,0.3101,0.1455,0.3094
22.104,0.1521,0.3182,0.1521,0.3182,0.1452,0.3267,0.1463,0.3017
22.204,0.1521,0.3182,0.1521,0.3182,0.1456,0.3273,0.1467,0.3208
22.304,0.1521,0.3182,0.1521,0.3182,0.1459,0.3282,0.1467,0.3208
22.404,0.1521,0.3182,0.1521,0.3182,0.1459,0.3282,0.1467,0.3208
22.504,0.1521,0.3182,0.1521,0.3182,0.1466,0.3117,0.1468,0.3270
22.604,0.1521,0.3182,0.1521,0.3182,0.1459,0.3284,0.1468,0.3179
22.704,0.1521,0.3182,0.1521,0.3182,0.1460,0.3100,0.1464,0.3356
22.804,0.1521,0.3182,0.1521,0.3182,0.1463,0.3107,0.1460,0.3166
22.904,0.1521,0.3182,0.1521,0.3182,0.1645,0.3289,0.1463,0.3111
23.004,0.1521,0.3182,0.1521,0.3182,0.1466,0.3116,0.1463,0.3293
23.105,0.1521,0.3182,0.1521,0.3182,0.1462,0.3108,0.1454,0.3091
23.204,0.1521,0.3182,0.1521,0.3182,0.1645,0.3291,0.1466,0.3301
23.304,0.1521,0.3182,0.1521,0.3182,0.1280,0.3108,0.1467,0.3303
23.404,0.1521,0.3182,0.1521,0.3182,0.1459,0.3101,0.1460,0.3106
23.504,0.1521,0.3182,0.1521,0.3182,0.1632,0.3266,0.1468,0.3123
23.604,0.1521,0.3182,0.1521,0.3182,0.1269,0.3098,0.1457,0.2914
23.704,0.1521,0.3182,0.1521,0.3182,0.1456,0.3106,0.1459,0.3101
23.804,0.1521,0.3182,0.1521,0.3182,0.1456,0.3106,0.1466,0.3117
23.905,0.1521,0.3182,0.1521,0.3182,0.1462,0.3116,0.1466,0.3117
24.004,0.1521,0.3182,0.1521,0.3182,0.1644,0.3292,0.1466,0.3117
24.104,0.1521,0.3182,0.1521,0.3182,0.1641,0.3285,0.1524,0.3232
24.204,0.1521,0.3182,0.1521,0.3182,0.1644,0.3475,0.1524,0.3413
24.305,0.1521,0.3182,0.1521,0.3182,0.1463,0.3293,0.1510,0.3202
24.405,0.1521,0.3182,0.1521,0.3182,0.1452,0.3266,0.1513,0.3392
24.505,0.1521,0.3182,0.1521,0.3182,0.1452,0.3266,0.1513,0.3392
24.605,0.1521,0.3182,0.1521,0.3182,0.1456,0.3091,0.1450,0.3266
24.705,0.1521,0.3182,0.1521,0.3182,0.1456,0.3090,0.1450,0.3266
24.804,0.1521,0.3182,0.1521,0.3182,0.1463,0.3110,0.1459,0.3196
24.905,0.1521,0.3182,0.1521,0.3182,0.1463,0.3109,0.1463,0.3204
25.004,0.1521,0.3182,0.1521,0.3182,0.1459,0.3102,0.1456,0.3005
25.105,0.1521,0.3182,0.1521,0.3182,0.1463,0.3109,0.1462,0.3017
25.205,0.1521,0.3182,0.1521,0.3182,0.1462,0.3108,0.1453,0.3087
25.305,0.1521,0.3182,0.1521,0.3182,0.1459,0.3101,0.1459,0.3100
25.404,0.1521,0.3182,0.1521,0.3182,0.1463,0.3293,0.1456,0.3272
25.505,0.1521,0.3182,0.1521,0.3182,0.1463,0.3294,0.1459,0.3279
25.604,0.1521,0.3182,0.1521,0.3182,0.1463,0.3294,0.1467,0.3298
25.704,0.1521,0.3182,0.1521,0.3182,0.1466,0.3300,0.1467,0.3299
25.804,0.1521,0.3182,0.1521,0.3182,0.1463,0.3109,0.1470,0.3125
25.905,0.1521,0.3182,0.1521,0.3182,0.1463,0.3110,0.1466,0.3303
26.005,0.1521,0.3182,0.1521,0.3182,0.1463,0.3109,0.1459,0.3103
26.104,0.1521,0.3182,0.1521,0.3182,0.1453,0.3089,0.1459,0.3102
26.204,0.1521,0.3182,0.1521,0.3182,0.1460,0.3102,0.1459,0.3102
26.304,0.1521,0.3182,0.1521,0.3182,0.1464,0.3295,0.1465,0.3207
26.404,0.1521,0.3182,0.1521,0.3182,0.1463,0.3111,0.1457,0.3007
26.504,0.1521,0.3182,0.1521,0.3182,0.1474,0.3133,0.1461,0.3198
26.604,0.1521,0.3182,0.1521,0.3182,0.1463,0.3292,0.1461,0.3198
26.704,0.1521,0.3182,0.1521,0.3182,0.1455,0.3091,0.2339,0.2416
26.804,0.1521,0.3182,0.1521,0.3182,0.1452,0.3086,0.2339,0.2598
26.904,0.1521,0.3182,0.1521,0.3182,0.1452,0.3268,0.2346,0.2429
27.004,0.1521,0.3182,0.1521,0.3182,0.1452,0.3267,0.2320,0.2556
27.104,0.1521,0.3182,0.1521,0.3182,0.1460,0.3283,0.1463,0.3288
27.204,0.1521,0.3182,0.1521,0.3182,0.1646,0.3473,0.1463,0.3288
27.304,0.1521,0.3182,0.1521,0.3182,0.1645,0.3471,0.1558,0.3297
27.404,0.1521,0.3182,0.1521,0.3182,0.1649,0.3481,0.1558,0.3297
27.504,0.1521,0.3182,0.1521,0.3182,0.1645,0.3472,0.1549,0.3461
27.604,0.1521,0.3182,0.1521,0.3182,0.1646,0.3475,0.1556,0.3294
27.705,0.1521,0.3182,0.1521,0.3182,0.1463,0.3292,0.1560,0.3486
27.804,0.1521,0.3182,0.1521,0.3182,0.1460,0.3102,0.1560,0.3486
27.904,0.1521,0.3182,0.1521,0.3182,0.1459,0.3281,0.1467,0.3301
28.004,0.1521,0.3182,0.1521,0.3182,0.1276,0.3099,0.1468,0.3121
28.104,0.1521,0.3182,0.1521,0.3182,0.1463,0.3107,0.1464,0.3114
28.204,0.1521,0.3182,0.1521,0.3182,0.1463,0.3109,0.1464,0.3114
28.304,0.1246,0.2531,0.1246,0.2531,0.1465,0.2930,0.1463,0.3110
28.404,0.0000,0.0924,0.0000,0.0924,0.0366,0.2927,0.1459,0.3103
28.504,0.0000,0.0000,0.0000,0.0000,0.0369,0.0739,0.1459,0.3103
28.604,0.0000,0.0000,0.0000,0.0000,0.0179,0.0717,0.1459,0.3103
28.704,0.0000,0.0000,0.0000,0.0000,0.0373,0.0373,0.1459,0.3103
28.804,0.0000,0.0000,0.0000,0.0000,0.0180,0.0359,0.0275,0.0596
28.904,0.0000,0.0000,0.0000,0.0000,0.0000,0.0184,0.0181,0.0362
29.004,0.0000,0.0000,0.0000,0.0000,0.0183,0.0183,0.0183,0.0183
29.104,0.0000,0.0000,0.0000,0.0000,0.0000,0.0000,0.0000,0.0000
29.204,0.0000,0.0000,0.0000,0.0000,0.0000,0.0000,0.0000,0.0000
29.304,0.0000,0.0000,0.0000,0.0000,0.0183,0.0000,0.0000,0.0000
29.404,0.0000,0.0000,0.0000,0.0000,0.0000,0.0000,0.0000,0.0000
29.504,0.0000,0.0000,0.0000,0.0000,0.0000,0.0000,0.0000,0.0000
29.604,0.0000,0.0000,0.0000,0.0000,0.0000,0.0000,0.0000,0.0000
29.704,0.0000,0.0000,0.0000,0.0000,0.0000,0.0000,0.0000,0.0000
29.804,0.0000,0.0000,0.0000,0.0000,0.0000,0.0000,0.0000,0.0000
29.904,0.0000,0.0000,0.0000,0.0000,0.0000,0.0000,0.0000,0.0000
30.004,0.0000,0.0000,0.0000,0.0000,0.0000,0.0000,0.0000,0.0000
30.104,0.0000,0.0000,0.0000,0.0000,0.0000,0.0000,0.0000,0.0000
30.204,0.0000,0.0000,0.0000,0.0000,0.0000,0.0000,0.0000,0.0000
30.304,0.0000,0.0000,0.0000,0.0000,0.0000,0.0000,0.0000,0.0000
30.405,0.0000,0.0000,0.0000,0.0000,0.0000,0.0000,0.0000,0.0000
30.505,0.0000,0.0000,0.0000,0.0000,0.0000,0.0000,0.0000,0.0000
30.604,0.0000,0.0000,0.0000,0.0000,0.0000,0.0000,0.0000,0.0000
30.704,0.0000,0.0000,0.0000,0.0000,0.0000,0.0000,0.0000,0.0000
30.804,0.0000,0.0000,0.0000,0.0000,0.0000,0.0000,0.0000,0.0000
30.904,0.0000,0.0000,0.0000,0.0000,0.0000,0.0000,0.0000,0.0000
31.004,0.0000,0.0000,0.0000,0.0000,0.0000,0.0000,0.0000,0.0000
31.105,0.0000,0.0000,0.0000,0.0000,0.0000,0.0000,0.0000,0.0000
31.205,0.0000,0.0000,0.0000,0.0000,0.0000,0.0000,0.0000,0.0000
31.304,0.0000,0.0000,0.0000,0.0000,0.0000,0.0000,0.0000,0.0000
31.404,0.0000,0.0000,0.0000,0.0000,0.0000,0.0000,0.0000,0.0000
31.504,0.0000,0.0000,0.0000,0.0000,0.0000,0.0000,0.0000,0.0000
31.604,0.0000,0.0000,0.0000,0.0000,0.0000,0.0000,0.0000,0.0000
31.704,0.0000,0.0000,0.0000,0.0000,0.0000,0.0000,0.0000,0.0000
31.804,0.0000,0.0000,0.0000,0.0000,0.0000,0.0000,0.0000,0.0000
31.905,0.0000,0.0000,0.0000,0.0000,0.0000,0.0000,0.0000,0.0000
32.004,0.0000,0.0000,0.0000,0.0000,0.0000,0.0000,0.0000,0.0000
32.104,0.0000,0.0000,0.0000,0.0000,0.0000,0.0000,0.0000,0.0000
32.204,0.0000,0.0000,0.0000,0.0000,0.0000,0.0000,0.0000,0.0000
32.304,0.0000,0.0000,0.0000,0.0000,0.0000,0.0000,0.0000,0.0000
32.404,0.0000,0.0000,0.0000,0.0000,0.0000,0.0000,0.0000,0.0000
32.504,0.0000,0.0000,0.0000,0.0000,0.0000,0.0000,0.0000,0.0000
32.604,0.0000,0.0000,0.0000,0.0000,0.0000,0.0000,0.0000,0.0000
32.704,0.0000,0.0000,0.0000,0.0000,0.0000,0.0000,0.0000,0.0000
32.805,0.0000,0.0000,0.0000,0.0000,0.0000,0.0000,0.0000,0.0000
32.904,0.0000,0.0000,0.0000,0.0000,0.0000,0.0000,0.0000,0.0000
33.004,0.0000,0.0000,0.0000,0.0000,0.0000,0.0000,0.0000,0.0000
33.105,0.0000,0.0000,0.0000,0.0000,0.0000,0.0000,0.0000,0.0000
33.204,0.0000,0.0000,0.0000,0.0000,0.0000,0.0000,0.0000,0.0000
33.304,0.0000,0.0000,0.0000,0.0000,0.0000,0.0000,0.0000,0.0000
33.404,0.0000,0.0000,0.0000,0.0000,0.0000,0.0000,0.0000,0.0000
33.504,0.0000,0.0000,0.0000,0.0000,0.0000,0.0000,0.0000,0.0000
33.604,0.0000,0.0000,0.0000,0.0000,0.0000,0.0000,0.0000,0.0000
33.704,0.0000,0.0000,0.0000,0.0000,0.0000,0.0000,0.0000,0.0000
33.804,0.0000,0.0000,0.0000,0.0000,0.0000,0.0000,0.0000,0.0000
33.904,0.0000,0.0000,0.0000,0.0000,0.0000,0.0000,0.0000,0.0000
34.004,0.0000,0.0000,0.0000,0.0000,0.0000,0.0000,0.0000,0.0000
34.104,0.0000,0.0000,0.0000,0.0000,0.0000,0.0000,0.0000,0.0000
34.204,0.0000,0.0000,0.0000,0.0000,0.0000,0.0000,0.0000,0.0000
34.304,0.0000,0.0000,0.0000,0.0000,0.0000,0.0000,0.0000,0.0000
34.404,0.0000,0.0000,0.0000,0.0000,0.0000,0.0000,0.0000,0.0000
34.504,0.0000,0.0000,0.0000,0.0000,0.0000,0.0000,0.0000,0.0000
34.604,0.0000,0.0000,0.0000,0.0000,0.0000,0.0000,0.0000,0.0000
34.704,0.0000,0.0000,0.0000,0.0000,0.0000,0.0000,0.0000,0.0000
34.804,0.0000,0.0000,0.0000,0.0000,0.0000,0.0000,0.0000,0.0000
34.904,0.0000,0.0000,0.0000,0.0000,0.0000,0.0000,0.0000,0.0000
35.004,0.0000,0.0000,0.0000,0.0000,0.0000,0.0000,0.0000,0.0000
35.104,0.0000,0.0000,0.0000,0.0000,0.0000,0.0000,0.0000,0.0000
35.204,0.0000,0.0000,0.0000,0.0000,0.0000,0.0000,0.0000,0.0000
35.305,0.0000,0.0000,0.0000,0.0000,0.0000,0.0000,0.0000,0.0000
35.404,0.0000,0.0000,0.0000,0.0000,0.0000,0.0000,0.0000,0.0000
35.505,0.0000,0.0000,0.0000,0.0000,0.0000,0.0000,0.0000,0.0000
35.604,0.0000,0.0000,0.0000,0.0000,0.0000,0.0000,0.0000,0.0000
35.704,0.0000,0.0000,0.0000,0.0000,0.0000,0.0000,0.0000,0.0000
35.805,0.0000,0.0000,0.0000,0.0000,0.0000,0.0000,0.0000,0.0000
35.904,0.0000,0.0000,0.0000,0.0000,0.0000,0.0000,0.0000,0.0000
36.005,0.0000,0.0000,0.0000,0.0000,0.0000,0.0000,0.0000,0.0000
36.105,0.0000,0.1927,0.0000,0.1927,0.0000,0.0000,0.0000,0.0000
36.204,0.0000,0.1938,0.0000,0.1938,0.0000,0.0000,0.0000,0.0000
36.305,-0.1942,0.1942,-0.1942,0.1942,0.0000,0.0000,0.0000,0.0000
36.404,-0.1943,0.1943,-0.1943,0.1943,0.0000,0.0000,0.0000,0.0185
36.504,-0.1943,0.1943,-0.1943,0.1943,0.0000,0.0179,0.0000,0.0185
36.604,-0.1944,0.1944,-0.1944,0.1944,0.0000,0.0179,0.0091,0.0549
36.704,-0.1944,0.1944,-0.1944,0.1944,0.0179,0.0359,0.0091,0.0549
36.804,-0.1944,0.1944,-0.1944,0.1944,0.0362,0.0541,0.0274,0.0641
36.904,-0.1944,0.1944,-0.1944,0.1944,0.0179,0.0545,0.0456,0.1005
37.004,-0.1944,0.1944,-0.1944,0.1944,-0.0370,0.0911,0.0823,0.1187
37.104,-0.1944,0.1944,-0.1944,0.1944,-0.0914,0.1278,0.0823,0.1187
37.204,-0.1944,0.1944,-0.1944,0.1944,-0.1652,0.1466,0.1189,0.1280
37.304,-0.1944,0.1944,-0.1944,0.1944,-0.1835,0.1832,0.1555,0.1554
37.404,-0.1944,0.1944,-0.1944,0.1944,-0.1829,0.1828,0.1555,0.1554
37.505,-0.1944,0.1944,-0.1944,0.1944,-0.1830,0.1647,0.1555,0.1554
37.604,-0.1944,0.1944,-0.1944,0.1944,-0.1823,0.1825,0.0764,0.1678
37.704,-0.1944,0.1944,-0.1944,0.1944,-0.2000,0.1819,-0.0152,0.1859
37.804,-0.1944,0.1944,-0.1944,0.1944,-0.2011,0.2011,-0.1153,0.1945
37.904,-0.1944,0.1944,-0.1944,0.1944,-0.2377,0.2194,-0.2433,0.2128
38.004,-0.1944,0.1944,-0.1944,0.1944,-0.2378,0.2195,-0.2189,0.2188
38.104,-0.1944,0.1944,-0.1944,0.1944,-0.2200,0.2200,-0.2188,0.2005
38.204,-0.1944,0.1944,-0.1944,0.1944,-0.2190,0.2008,-0.2011,0.1828
38.304,-0.1944,0.1944,-0.1944,0.1944,-0.1827,0.1828,-0.1635,0.1635
38.404,-0.1944,0.1944,-0.1944,0.1944,-0.1644,0.1645,-0.1651,0.1468
38.504,-0.1944,0.1944,-0.1944,0.1944,-0.1644,0.1463,-0.1461,0.1640
38.604,-0.1944,0.1944,-0.1944,0.1944,-0.1462,0.1462,-0.1460,0.1639
38.704,-0.1944,0.1944,-0.1944,0.1944,-0.1642,0.1642,-0.1460,0.1639
38.804,-0.1944,0.1944,-0.1944,0.1944,-0.1826,0.1826,-0.1656,0.1744
38.904,-0.1944,0.1944,-0.1944,0.1944,-0.2008,0.2008,-0.1824,0.1911
39.004,-0.1944,0.1944,-0.1944,0.1944,-0.2194,0.2194,-0.2004,0.1912
39.104,-0.1944,0.1944,-0.1944,0.1944,-0.1997,0.1997,-0.2000,0.2090
39.204,-0.1944,0.1944,-0.1944,0.1944,-0.2003,0.2003,-0.1998,0.1996
39.304,-0.1944,0.1944,-0.1944,0.1944,-0.1820,0.1820,-0.1818,0.1816
39.404,-0.1944,0.1944,-0.1944,0.1944,-0.1819,0.1819,-0.1818,0.1816
39.504,-0.1944,0.1944,-0.1944,0.1944,-0.1834,0.1834,-0.1818,0.1816
39.604,-0.1944,0.1944,-0.1944,0.1944,-0.1645,0.1645,-0.1707,0.1705
39.704,-0.1944,0.1944,-0.1944,0.1944,-0.1828,0.1828,-0.1703,0.1699
39.804,-0.1944,0.1944,-0.1944,0.1944,-0.1650,0.1650,-0.1524,0.1703
39.904,-0.1944,0.1944,-0.1944,0.1944,-0.1826,0.1826,-0.1699,0.1878
40.005,-0.1944,0.1944,-0.1944,0.1944,-0.2010,0.2010,-0.1820,0.1816
40.105,-0.1944,0.1944,-0.1944,0.1944,-0.1827,0.1827,-0.1835,0.1839
40.204,-0.1944,0.1944,-0.1944,0.1944,-0.2005,0.2005,-0.1835,0.1839
40.304,-0.1944,0.1944,-0.1944,0.1944,-0.2010,0.1828,-0.1835,0.1839
40.404,-0.1944,0.1944,-0.1944,0.1944,-0.1828,0.1830,-0.1835,0.1839
40.504,-0.1944,0.1944,-0.1944,0.1944,-0.1831,0.1833,-0.2742,0.1349
40.604,-0.1944,0.1944,-0.1944,0.1944,-0.1833,0.1651,-0.2561,0.1350
40.704,-0.1944,0.1944,-0.1944,0.1944,-0.1651,0.1835,-0.2736,0.1339
40.804,-0.1944,0.1944,-0.1944,0.1944,-0.1826,0.1644,-0.2678,0.1463
40.904,-0.1944,0.1944,-0.1944,0.1944,-0.2005,0.1824,-0.1643,0.1826
41.004,-0.1944,0.1944,-0.1944,0.1944,-0.1822,0.2007,-0.1643,0.1826
41.104,-0.1944,0.1944,-0.1944,0.1944,-0.1823,0.1825,-0.1733,0.1916
41.204,-0.1944,0.1944,-0.1944,0.1944,-0.1813,0.1996,-0.0630,0.1738
41.304,-0.1944,0.1944,-0.1944,0.1944,-0.1642,0.1825,-0.0630,0.1738
41.404,-0.1944,0.1944,-0.1944,0.1944,-0.1825,0.1642,-0.0630,0.1738
41.505,-0.1944,0.1944,-0.1944,0.1944,-0.1824,0.1823,0.0101,0.1614
41.605,-0.1944,0.1944,-0.1944,0.1944,-0.1645,0.1645,0.0101,0.1614
41.704,-0.1944,0.1944,-0.1944,0.1944,-0.1824,0.1824,0.0101,0.1614
41.805,-0.1944,0.1944,-0.1944,0.1944,-0.1641,0.1823,0.0101,0.1614
41.905,-0.1944,0.1944,-0.1944,0.1944,-0.1646,0.1646,0.0053,0.1661
42.005,-0.1944,0.1944,-0.1944,0.1944,-0.1650,0.1650,0.0053,0.1661
42.105,-0.1944,0.1944,-0.1944,0.1944,-0.1648,0.1648,0.0053,0.1661
42.205,-0.1944,0.1944,-0.1944,0.1944,-0.2006,0.1825,-0.0040,0.1755
42.305,-0.1944,0.1944,-0.1944,0.1944,-0.2185,0.2187,-0.0040,0.1755
42.404,-0.1944,0.1944,-0.1944,0.1944,-0.2566,0.2383,-0.1232,0.2022
42.504,-0.1944,0.1944,-0.1944,0.1944,-0.2550,0.2367,-0.2145,0.2145
42.605,-0.1944,0.1944,-0.1944,0.1944,-0.2378,0.2376,-0.2145,0.2145
42.705,-0.1944,0.1944,-0.1944,0.1944,-0.2378,0.2376,-0.2285,0.2285
42.805,-0.1944,0.1944,-0.1944,0.1944,-0.2195,0.2378,-0.2285,0.2285
42.905,-0.1944,0.1944,-0.1944,0.1944,-0.2200,0.2383,-0.2285,0.2285
43.005,-0.1944,0.1944,-0.1944,0.1944,-0.2201,0.2200,-0.2285,0.2285
43.104,-0.1944,0.1944,-0.1944,0.1944,-0.2196,0.2011,-0.2237,0.2237
43.205,-0.1944,0.1944,-0.1944,0.1944,-0.2006,0.2004,-0.1966,0.1966
43.305,-0.1944,0.1944,-0.1944,0.1944,-0.2011,0.1827,-0.1783,0.1966
43.405,-0.1944,0.1944,-0.1944,0.1944,-0.1823,0.1823,-0.1783,0.1966
43.504,-0.1944,0.1944,-0.1944,0.1944,-0.1646,0.1646,-0.1694,0.1785
43.604,-0.1944,0.1944,-0.1944,0.1944,-0.1834,0.1651,-0.1553,0.1644
43.704,-0.1944,0.1944,-0.1944,0.1944,-0.1651,0.1834,-0.1736,0.1827
43.804,-0.1944,0.1944,-0.1944,0.1944,-0.1828,0.1830,-0.1919,0.1827
43.905,-0.1944,0.1944,-0.1944,0.1944,-0.2012,0.2013,-0.1825,0.2008
44.004,-0.1944,0.1944,-0.1944,0.1944,-0.2000,0.2002,-0.2007,0.2008
44.104,-0.1944,0.1944,-0.1944,0.1944,-0.2001,0.2002,-0.2010,0.2012
44.204,-0.1944,0.1944,-0.1944,0.1944,-0.2012,0.2010,-0.2010,0.2012
44.304,-0.1944,0.1944,-0.1944,0.1944,-0.1827,0.1826,-0.2010,0.2012
44.404,-0.1944,0.1944,-0.1944,0.1944,-0.1829,0.1827,-0.1887,0.1889
44.504,-0.1944,0.1944,-0.1944,0.1944,-0.1829,0.1644,-0.1884,0.1703
44.604,-0.1944,0.1944,-0.1944,0.1944,-0.1823,0.1823,-0.1884,0.1884
44.704,-0.1944,0.1944,-0.1944,0.1944,-0.1817,0.1817,-0.1697,0.1697
44.804,-0.1944,0.1944,-0.1944,0.1944,-0.1821,0.1821,-0.1697,0.1697
44.904,-0.1944,0.1944,-0.1944,0.1944,-0.2004,0.1821,-0.1697,0.1697
45.004,-0.1944,0.1944,-0.1944,0.1944,-0.1818,0.1636,-0.1637,0.1576
45.104,-0.1944,0.1944,-0.1944,0.1944,-0.1644,0.1461,-0.1459,0.1582
45.204,-0.1944,0.1944,-0.1944,0.1944,-0.1465,0.1282,-0.1097,0.1221
45.304,-0.1944,0.1944,-0.1944,0.1944,-0.1097,0.1097,-0.0904,0.1028
45.404,-0.1944,0.1944,-0.1944,0.1944,-0.1105,0.1105,-0.0904,0.1028
45.504,-0.1944,0.1944,-0.1944,0.1944,-0.1103,0.1103,-0.0821,0.0911
45.604,-0.1944,0.1944,-0.1944,0.1944,-0.1096,0.1096,-0.0821,0.0911
45.704,-0.1944,0.1944,-0.1944,0.1944,-0.1281,0.1098,-0.0652,0.0656
45.804,-0.1944,0.1944,-0.1944,0.1944,-0.1276,0.1093,-0.0849,0.0668
45.904,-0.1944,0.1944,-0.1944,0.1944,-0.1278,0.1280,-0.0849,0.0668
46.004,-0.1944,0.1944,-0.1944,0.1944,-0.1278,0.1099,-0.0849,0.0668
46.104,-0.1944,0.1944,-0.1944,0.1944,-0.1278,0.1282,-0.0809,0.0783
46.204,-0.1944,0.1944,-0.1944,0.1944,-0.1278,0.1282,-0.0809,0.0783
46.304,-0.1944,0.1944,-0.1944,0.1944,-0.1642,0.1461,-0.1067,0.0852
46.404,-0.1944,0.1944,-0.1944,0.1944,-0.1829,0.1646,-0.1616,0.1218
46.504,-0.1944,0.1944,-0.1944,0.1944,-0.2006,0.2004,-0.1616,0.1218
46.604,-0.1944,0.1944,-0.1944,0.1944,-0.2372,0.2188,-0.1798,0.1585
46.704,-0.1944,0.1944,-0.1944,0.1944,-0.2377,0.2193,-0.1798,0.1585
46.804,-0.1944,0.1944,-0.1944,0.1944,-0.2377,0.2558,-0.1798,0.1585
46.904,-0.1944,0.1944,-0.1944,0.1944,-0.2382,0.2382,-0.1798,0.1585
47.004,-0.1944,0.1944,-0.1944,0.1944,-0.2200,0.2199,-0.1798,0.1585
47.104,-0.1944,0.1944,-0.1944,0.1944,-0.2011,0.2194,-0.1798,0.1585
47.205,-0.0803,0.0803,-0.0803,0.0803,-0.2006,0.1825,-0.1068,0.1768
47.304,0.0000,0.0000,0.0000,0.0000,-0.1824,0.1643,-0.0260,0.1758
47.404,0.0000,0.0000,0.0000,0.0000,0.0181,0.0181,-0.0260,0.1758
47.504,0.0000,0.0000,0.0000,0.0000,0.0000,0.0178,0.0091,0.0091
47.604,0.0000,0.0000,0.0000,0.0000,0.0190,0.0000,0.0091,0.0091
47.704,0.0000,0.0000,0.0000,0.0000,0.0175,0.0175,0.0091,0.0091
47.804,0.0000,0.0000,0.0000,0.0000,0.0000,0.0000,0.0061,0.0000
47.904,0.0000,0.0000,0.0000,0.0000,0.0000,0.0000,0.0000,0.0000
48.004,0.0000,0.0000,0.0000,0.0000,0.0000,0.0000,0.0000,0.0000
48.104,0.0000,0.0000,0.0000,0.0000,0.0000,0.0000,0.0000,0.0000
48.204,0.0000,0.0000,0.0000,0.0000,0.0000,0.0000,0.0000,0.0000
48.304,0.0000,0.0000,0.0000,0.0000,0.0000,0.0000,0.0000,0.0000
48.404,0.0000,0.0000,0.0000,0.0000,0.0000,0.0000,0.0000,0.0000
48.504,0.0000,0.0000,0.0000,0.0000,0.0000,0.0000,0.0000,0.0000
48.604,0.0000,0.0000,0.0000,0.0000,0.0000,0.0000,0.0000,0.0000
48.704,0.0000,0.0000,0.0000,0.0000,0.0000,0.0000,0.0000,0.0000
48.804,0.0000,0.0000,0.0000,0.0000,0.0000,0.0000,0.0000,0.0000
48.904,0.0000,0.0000,0.0000,0.0000,0.0000,0.0000,0.0000,0.0000
49.004,0.0000,0.0000,0.0000,0.0000,0.0000,0.0000,0.0000,0.0000
49.104,0.0000,0.0000,0.0000,0.0000,0.0000,0.0000,0.0000,0.0000
49.204,0.0000,0.0000,0.0000,0.0000,0.0000,0.0000,0.0000,0.0000
49.304,0.0000,0.0000,0.0000,0.0000,0.0000,0.0000,0.0000,0.0000
49.404,0.0000,0.0000,0.0000,0.0000,0.0000,0.0000,0.0000,0.0000
49.504,0.0000,0.0000,0.0000,0.0000,0.0000,0.0000,0.0000,0.0000
49.604,0.0000,0.0000,0.0000,0.0000,0.0000,0.0000,0.0000,0.0000
49.704,0.0000,0.0000,0.0000,0.0000,0.0000,0.0000,0.0000,0.0000
49.804,0.0000,0.0000,0.0000,0.0000,0.0000,0.0000,0.0000,0.0000
49.904,0.0000,0.0000,0.0000,0.0000,0.0000,0.0000,0.0000,0.0000
50.004,0.0000,0.0000,0.0000,0.0000,0.0000,0.0000,0.0000,0.0000
50.104,0.0000,0.0000,0.0000,0.0000,0.0000,0.0000,0.0000,0.0000
50.205,0.0000,0.0000,0.0000,0.0000,0.0000,0.0000,0.0000,0.0000
50.305,0.0000,0.0000,0.0000,0.0000,0.0000,0.0000,0.0000,0.0000
50.404,0.0000,0.0000,0.0000,0.0000,0.0000,0.0000,0.0000,0.0000
50.505,0.0000,0.0000,0.0000,0.0000,0.0000,0.0000,0.0000,0.0000
50.604,0.0000,0.0000,0.0000,0.0000,0.0000,0.0000,0.0000,0.0000
50.704,0.0000,0.0000,0.0000,0.0000,0.0000,0.0000,0.0000,0.0000
50.805,0.0000,0.0000,0.0000,0.0000,0.0000,0.0000,0.0000,0.0000
50.905,0.0000,0.0000,0.0000,0.0000,0.0000,0.0000,0.0000,0.0000
51.005,0.0000,0.0000,0.0000,0.0000,0.0000,0.0000,0.0000,0.0000
51.105,0.0000,0.0000,0.0000,0.0000,0.0000,0.0000,0.0000,0.0000
51.205,0.0000,0.0000,0.0000,0.0000,0.0000,0.0000,0.0000,0.0000
51.305,0.0000,0.0000,0.0000,0.0000,0.0000,0.0000,0.0000,0.0000
51.404,0.0000,0.0000,0.0000,0.0000,0.0000,0.0000,0.0000,0.0000
51.504,0.0000,0.0000,0.0000,0.0000,0.0000,0.0000,0.0000,0.0000
51.604,0.0000,0.0000,0.0000,0.0000,0.0000,0.0000,0.0000,0.0000
51.704,0.0000,0.0000,0.0000,0.0000,0.0000,0.0000,0.0000,0.0000
51.804,0.0000,0.0000,0.0000,0.0000,0.0000,0.0000,0.0000,0.0000
51.905,0.0000,0.0000,0.0000,0.0000,0.0000,0.0000,0.0000,0.0000
52.005,0.0000,0.0000,0.0000,0.0000,0.0000,0.0000,0.0000,0.0000
52.104,0.0000,0.0000,0.0000,0.0000,0.0000,0.0000,0.0000,0.0000
52.205,0.0000,0.0000,0.0000,0.0000,0.0000,0.0000,0.0000,0.0000
52.304,0.0000,0.0000,0.0000,0.0000,0.0000,0.0000,0.0000,0.0000
52.404,0.0000,0.0000,0.0000,0.0000,0.0000,0.0000,0.0000,0.0000
52.504,0.0000,0.0000,0.0000,0.0000,0.0000,0.0000,0.0000,0.0000
52.604,0.0000,0.0000,0.0000,0.0000,0.0000,0.0000,0.0000,0.0000
52.704,0.0000,0.0000,0.0000,0.0000,0.0000,0.0000,0.0000,0.0000
52.804,0.0000,0.0000,0.0000,0.0000,0.0000,0.0000,0.0000,0.0000
52.904,0.0000,0.0000,0.0000,0.0000,0.0000,0.0000,0.0000,0.0000
53.004,0.0000,0.0000,0.0000,0.0000,0.0000,0.0000,0.0000,0.0000
53.104,0.0000,0.0000,0.0000,0.0000,0.0000,0.0000,0.0000,0.0000
53.204,0.0000,0.0000,0.0000,0.0000,0.0000,0.0000,0.0000,0.0000
53.304,0.0000,0.0000,0.0000,0.0000,0.0000,0.0000,0.0000,0.0000
53.404,0.0000,0.0000,0.0000,0.0000,0.0000,0.0000,0.0000,0.0000
53.504,0.0000,0.0000,0.0000,0.0000,0.0000,0.0000,0.0000,0.0000
53.604,0.0000,0.0000,0.0000,0.0000,0.0000,0.0000,0.0000,0.0000
53.704,0.0000,0.0000,0.0000,0.0000,0.0000,0.0000,0.0000,0.0000
53.804,0.0000,0.0000,0.0000,0.0000,0.0000,0.0000,0.0000,0.0000
53.904,0.0000,0.0000,0.0000,0.0000,0.0000,0.0000,0.0000,0.0000
54.004,0.0000,0.0000,0.0000,0.0000,0.0000,0.0000,0.0000,0.0000
54.104,0.0000,0.0000,0.0000,0.0000,0.0000,0.0000,0.0000,0.0000
54.204,0.0000,0.0000,0.0000,0.0000,0.0000,0.0000,0.0000,0.0000
54.305,0.0000,0.0000,0.0000,0.0000,0.0000,0.0000,0.0000,0.0000
54.404,0.0000,0.0000,0.0000,0.0000,0.0000,0.0000,0.0000,0.0000
54.504,0.0000,0.0000,0.0000,0.0000,0.0000,0.0000,0.0000,0.0000
54.604,0.0000,0.0000,0.0000,0.0000,0.0000,0.0000,0.0000,0.0000
54.705,0.0000,0.0000,0.0000,0.0000,0.0000,0.0000,0.0000,0.0000
54.804,0.0000,0.0000,0.0000,0.0000,0.0000,0.0000,0.0000,0.0000
54.904,0.0000,0.0000,0.0000,0.0000,0.0000,0.0000,0.0000,0.0000
55.004,0.0000,0.0000,0.0000,0.0000,0.0000,0.0000,0.0000,0.0000
55.104,0.0000,0.0000,0.0000,0.0000,0.0000,0.0000,0.0000,0.0000
55.204,0.0000,0.0000,0.0000,0.0000,0.0000,0.0000,0.0000,0.0000
55.304,0.0000,0.0000,0.0000,0.0000,0.0000,0.0000,0.0000,0.0000
55.404,0.0000,0.0000,0.0000,0.0000,0.0000,0.0000,0.0000,0.0000
55.504,0.0000,0.0000,0.0000,0.0000,0.0000,0.0000,0.0000,0.0000
55.604,0.0000,0.0000,0.0000,0.0000,0.0000,0.0000,0.0000,0.0000
55.704,-0.0456,0.0456,-0.0456,0.0456,0.0000,0.0000,0.0000,0.0000
55.804,-0.1483,0.1483,-0.1483,0.1483,0.0000,0.0000,0.0000,0.0000
55.904,-0.1793,0.1793,-0.1793,0.1793,0.0000,0.0000,0.0000,0.0000
56.004,-0.1894,0.1894,-0.1894,0.1894,0.0000,0.0185,0.0183,0.0183
56.104,-0.1927,0.1927,-0.1927,0.1927,0.0181,0.0185,0.0366,0.0366
56.204,-0.1938,0.1938,-0.1938,0.1938,0.0364,0.0367,0.0548,0.0548
56.304,-0.1942,0.1942,-0.1942,0.1942,-0.0002,0.0733,0.0191,0.0727
56.404,-0.1943,0.1943,-0.1943,0.1943,-0.0360,0.0907,-0.0355,0.1090
56.504,-0.1943,0.1943,-0.1943,0.1943,-0.1085,0.1450,-0.1270,0.1455
56.604,-0.1944,0.1944,-0.1944,0.1944,-0.2006,0.2006,-0.2007,0.2012
56.704,-0.1944,0.1944,-0.1944,0.1944,-0.2188,0.2188,-0.2007,0.2012
56.804,-0.1944,0.1944,-0.1944,0.1944,-0.2373,0.2192,-0.2104,0.2288
56.904,-0.1944,0.1944,-0.1944,0.1944,-0.2200,0.2018,-0.2107,0.1926
57.004,-0.1944,0.1944,-0.1944,0.1944,-0.1644,0.1645,-0.1556,0.1558
57.104,-0.1944,0.1944,-0.1944,0.1944,-0.1279,0.1097,-0.1186,0.1003
57.204,-0.1944,0.1944,-0.1944,0.1944,-0.0916,0.1098,-0.0915,0.0732
57.304,-0.1944,0.1944,-0.1944,0.1944,-0.0906,0.0908,-0.0918,0.0918
57.404,-0.1944,0.1944,-0.1944,0.1944,-0.1096,0.0915,-0.0918,0.0918
57.504,-0.1944,0.1944,-0.1944,0.1944,-0.1468,0.1470,-0.1191,0.1282
57.604,-0.1944,0.1944,-0.1944,0.1944,-0.1829,0.1650,-0.1738,0.1646
57.705,-0.1944,0.1944,-0.1944,0.1944,-0.2201,0.2201,-0.2104,0.2012
57.804,-0.1944,0.1944,-0.1944,0.1944,-0.2361,0.2361,-0.2104,0.2012
57.904,-0.1944,0.1944,-0.1944,0.1944,-0.2184,0.2373,-0.2188,0.2186
58.004,-0.1944,0.1944,-0.1944,0.1944,-0.2189,0.2195,-0.2188,0.2186
58.104,-0.1944,0.1944,-0.1944,0.1944,-0.1824,0.1830,-0.2858,0.1486
58.204,-0.1944,0.1944,-0.1944,0.1944,-0.1661,0.1666,-0.2493,0.1304
58.305,-0.1944,0.1944,-0.1944,0.1944,-0.1646,0.1463,-0.2395,0.0938
58.405,-0.1944,0.1944,-0.1944,0.1944,-0.1463,0.1463,-0.2377,0.1109
58.504,-0.1944,0.1944,-0.1944,0.1944,-0.1463,0.1463,-0.1270,0.1464
58.604,-0.1944,0.1944,-0.1944,0.1944,-0.1626,0.1449,-0.1270,0.1464
58.704,-0.1944,0.1944,-0.1944,0.1944,-0.1630,0.1635,-0.1549,0.1560
58.804,-0.1944,0.1944,-0.1944,0.1944,-0.1830,0.1835,-0.1748,0.1752
58.904,-0.1944,0.1944,-0.1944,0.1944,-0.1823,0.1828,-0.1737,0.1735
59.004,-0.1944,0.1944,-0.1944,0.1944,-0.1838,0.1838,-0.1925,0.1742
59.104,-0.1944,0.1944,-0.1944,0.1944,-0.1838,0.1838,-0.1822,0.1818
59.204,-0.1944,0.1944,-0.1944,0.1944,-0.1821,0.1821,-0.1633,0.1814
59.304,-0.1944,0.1944,-0.1944,0.1944,-0.1821,0.1821,-0.1816,0.1631
59.404,-0.1944,0.1944,-0.1944,0.1944,-0.1822,0.1822,-0.1816,0.1631
59.505,-0.1944,0.1944,-0.1944,0.1944,-0.1825,0.1826,-0.1816,0.1631
59.604,-0.1944,0.1944,-0.1944,0.1944,-0.1643,0.1644,-0.1639,0.1696
59.704,-0.1944,0.1944,-0.1944,0.1944,-0.1838,0.1655,-0.1639,0.1696
59.804,-0.1944,0.1944,-0.1944,0.1944,-0.1655,0.1655,-0.1737,0.1523
59.905,-0.1944,0.1944,-0.1944,0.1944,-0.1648,0.1644,-0.1738,0.1708
60.004,-0.1944,0.1944,-0.1944,0.1944,-0.1648,0.1644,-0.1555,0.1708
60.104,-0.1944,0.1944,-0.1944,0.1944,-0.1637,0.1818,-0.1738,0.1647
60.204,-0.1944,0.1944,-0.1944,0.1944,-0.1825,0.1821,-0.1647,0.1830
60.305,-0.1944,0.1944,-0.1944,0.1944,-0.1825,0.1821,-0.1647,0.1830
60.404,-0.1944,0.1944,-0.1944,0.1944,-0.2008,0.2004,-0.1738,0.1737
60.504,-0.1944,0.1944,-0.1944,0.1944,-0.2019,0.1830,-0.1738,0.1737
60.604,-0.1944,0.1944,-0.1944,0.1944,-0.1834,0.2015,-0.1738,0.1737
60.704,-0.1944,0.1944,-0.1944,0.1944,-0.2021,0.1838,-0.1332,0.2858
60.804,-0.1944,0.1944,-0.1944,0.1944,-0.1827,0.1821,-0.1332,0.2858
60.904,-0.1944,0.1944,-0.1944,0.1944,-0.1832,0.2011,-0.1333,0.2767
61.004,-0.1944,0.1944,-0.1944,0.1944,-0.2012,0.2007,-0.1238,0.2672
61.104,-0.1944,0.1944,-0.1944,0.1944,-0.1812,0.1989,-0.1093,0.2408
61.204,-0.1944,0.1944,-0.1944,0.1944,-0.1650,0.1842,-0.1278,0.1371
61.304,-0.1944,0.1944,-0.1944,0.1944,-0.1452,0.1644,-0.1279,0.1281
61.404,-0.1944,0.1944,-0.1944,0.1944,-0.1269,0.1461,-0.1265,0.1267
61.504,-0.1944,0.1944,-0.1944,0.1944,-0.1475,0.1482,-0.1279,0.1654
61.604,-0.1944,0.1944,-0.1944,0.1944,-0.1830,0.1645,-0.1644,0.1834
61.704,-0.1944,0.1944,-0.1944,0.1944,-0.2012,0.2009,-0.1644,0.1834
61.804,-0.1944,0.1944,-0.1944,0.1944,-0.2350,0.2170,-0.1905,0.2005
61.904,-0.1944,0.1944,-0.1944,0.1944,-0.2346,0.2352,-0.2105,0.2206
62.004,-0.1944,0.1944,-0.1944,0.1944,-0.2160,0.2346,-0.2105,0.2206
62.104,-0.1944,0.1944,-0.1944,0.1944,-0.2169,0.1989,-0.2180,0.2091
62.204,-0.1944,0.1944,-0.1944,0.1944,-0.1832,0.1828,-0.2180,0.2091
62.304,-0.1944,0.1944,-0.1944,0.1944,-0.1647,0.1826,-0.1999,0.1910
62.404,-0.1944,0.1944,-0.1944,0.1944,-0.1832,0.1649,-0.1999,0.1910
62.504,-0.1944,0.1944,-0.1944,0.1944,-0.1634,0.1812,-0.1209,0.1305
62.604,-0.1944,0.1944,-0.1944,0.1944,-0.1833,0.1823,-0.1302,0.1216
62.704,-0.1944,0.1944,-0.1944,0.1944,-0.1833,0.1823,-0.1298,0.1394
62.804,-0.1944,0.1944,-0.1944,0.1944,-0.1829,0.1820,-0.1462,0.1278
62.904,-0.1944,0.1944,-0.1944,0.1944,-0.2029,0.1843,-0.2008,0.1824
63.004,-0.1944,0.1944,-0.1944,0.1944,-0.2008,0.2010,-0.1991,0.1990
63.105,-0.1944,0.1944,-0.1944,0.1944,-0.2178,0.1997,-0.2198,0.2015
63.205,-0.1944,0.1944,-0.1944,0.1944,-0.2201,0.2201,-0.2192,0.2373
63.304,-0.1944,0.1944,-0.1944,0.1944,-0.2195,0.2195,-0.2194,0.2192
63.404,-0.1944,0.1944,-0.1944,0.1944,-0.2197,0.2197,-0.2029,0.2210
63.504,-0.1944,0.1944,-0.1944,0.1944,-0.2207,0.2207,-0.2012,0.2008
63.604,-0.1944,0.1944,-0.1944,0.1944,-0.2010,0.2010,-0.1831,0.1827
63.704,-0.1944,0.1944,-0.1944,0.1944,-0.1824,0.1824,-0.1831,0.1827
63.804,-0.1944,0.1944,-0.1944,0.1944,-0.1642,0.1642,-0.1831,0.1827
63.904,-0.1944,0.1944,-0.1944,0.1944,-0.1640,0.1640,-0.1709,0.1888
64.004,-0.1944,0.1944,-0.1944,0.1944,-0.1804,0.1804,-0.1887,0.1883
64.104,-0.1944,0.1944,-0.1944,0.1944,-0.1996,0.1996,-0.1880,0.1879
64.204,-0.1944,0.1944,-0.1944,0.1944,-0.2190,0.2004,-0.1880,0.1879
64.304,-0.1944,0.1944,-0.1944,0.1944,-0.2012,0.2008,-0.1975,0.1884
64.404,-0.1944,0.1944,-0.1944,0.1944,-0.2028,0.2025,-0.2097,0.1823
64.504,-0.1944,0.1944,-0.1944,0.1944,-0.2022,0.1836,-0.1916,0.1823
64.604,-0.1944,0.1944,-0.1944,0.1944,-0.1828,0.1828,-0.1006,0.1819
64.704,-0.1944,0.1944,-0.1944,0.1944,-0.1818,0.1812,-0.1006,0.1819
64.804,-0.1944,0.1944,-0.1944,0.1944,-0.1812,0.1626,-0.1006,0.1819
64.904,-0.1944,0.1944,-0.1944,0.1944,-0.1636,0.1819,-0.0122,0.1698
65.004,-0.1944,0.1944,-0.1944,0.1944,-0.1630,0.1813,0.0789,0.1694
65.104,-0.1944,0.1944,-0.1944,0.1944,-0.1648,0.1653,0.0789,0.1694
65.204,-0.1944,0.1944,-0.1944,0.1944,-0.1648,0.1653,0.0789,0.1694
65.304,-0.1944,0.1944,-0.1944,0.1944,-0.1641,0.1460,0.1516,0.1516
65.404,-0.1944,0.1944,-0.1944,0.1944,-0.1644,0.1463,0.0600,0.1709
65.504,-0.1944,0.1944,-0.1944,0.1944,-0.1832,0.1650,-0.0706,0.1809
65.604,-0.1944,0.1944,-0.1944,0.1944,-0.1831,0.1831,-0.0502,0.2013
65.704,-0.1944,0.1944,-0.1944,0.1944,-0.2204,0.2204,-0.0502,0.2013
65.804,-0.1944,0.1944,-0.1944,0.1944,-0.2390,0.2390,-0.0319,0.2196
65.904,-0.1944,0.1944,-0.1944,0.1944,-0.2192,0.2192,0.0783,0.2007
66.004,-0.1944,0.1944,-0.1944,0.1944,-0.2015,0.2198,0.1845,0.1845
66.104,-0.1944,0.1944,-0.1944,0.1944,-0.1824,0.1824,0.1632,0.1631
66.204,-0.1944,0.1944,-0.1944,0.1944,-0.1458,0.1458,0.0141,0.1460
66.304,-0.1944,0.1944,-0.1944,0.1944,-0.1649,0.1650,-0.0777,0.1649
66.404,-0.1944,0.1944,-0.1944,0.1944,-0.1827,0.1644,-0.1691,0.1832
66.504,-0.1944,0.1944,-0.1944,0.1944,-0.2002,0.1821,-0.2576,0.2012
66.604,-0.1944,0.1944,-0.1944,0.1944,-0.2364,0.2183,-0.2200,0.2201
66.704,-0.1944,0.1944,-0.1944,0.1944,-0.2374,0.2194,-0.2200,0.2201
66.804,-0.1944,0.1944,-0.1944,0.1944,-0.2381,0.2200,-0.2200,0.2201
66.904,-0.1488,0.1488,-0.1488,0.1488,-0.2206,0.2206,-0.2200,0.2201
67.004,-0.0460,0.0460,-0.0460,0.0460,-0.2029,0.2212,-0.2200,0.2201
67.104,0.0000,0.0000,0.0000,0.0000,-0.0362,0.0362,0.0474,0.0474
67.204,0.0000,0.0000,0.0000,0.0000,-0.0183,0.0183,0.0000,0.0181
67.304,0.0000,0.0000,0.0000,0.0000,-0.0181,0.0000,0.0181,0.0000
67.404,0.0000,0.0000,0.0000,0.0000,0.0000,0.0000,0.0185,0.0185
67.504,0.0000,0.0000,0.0000,0.0000,-0.0179,0.0000,0.0000,0.0000
67.605,0.0000,0.0000,0.0000,0.0000,0.0000,0.0000,0.0000,0.0000
67.704,0.0000,0.0000,0.0000,0.0000,0.0000,0.0000,0.0000,0.0000
67.804,0.0000,0.0000,0.0000,0.0000,0.0000,0.0000,0.0000,0.0000
67.905,0.0000,0.0000,0.0000,0.0000,0.0000,0.0000,0.0000,0.0000
68.005,0.0000,0.0000,0.0000,0.0000,0.0000,0.0000,0.0000,0.0000
68.104,0.0000,0.0000,0.0000,0.0000,0.0000,0.0000,0.0000,0.0000
68.204,0.0000,0.0000,0.0000,0.0000,0.0000,0.0000,0.0000,0.0000
68.304,0.0000,0.0000,0.0000,0.0000,0.0000,0.0000,0.0000,0.0000
68.404,0.0000,0.0000,0.0000,0.0000,0.0000,0.0000,0.0000,0.0000
68.504,0.0000,0.0000,0.0000,0.0000,0.0000,0.0000,0.0000,0.0000
68.604,0.0000,0.0000,0.0000,0.0000,0.0000,0.0000,0.0000,0.0000
68.704,0.0000,0.0000,0.0000,0.0000,0.0000,0.0000,0.0000,0.0000
68.805,0.0000,0.0000,0.0000,0.0000,0.0000,0.0000,0.0000,0.0000
68.904,0.0000,0.0000,0.0000,0.0000,0.0000,0.0000,0.0000,0.0000
69.004,0.0000,0.0000,0.0000,0.0000,0.0000,0.0000,0.0000,0.0000
69.104,0.0000,0.0000,0.0000,0.0000,0.0000,0.0000,0.0000,0.0000
69.204,0.0000,0.0000,0.0000,0.0000,0.0000,0.0000,0.0000,0.0000
69.304,0.0000,0.0000,0.0000,0.0000,0.0000,0.0000,0.0000,0.0000
69.404,0.0000,0.0000,0.0000,0.0000,0.0000,0.0000,0.0000,0.0000
69.504,0.0000,0.0000,0.0000,0.0000,0.0000,0.0000,0.0000,0.0000
69.604,0.0000,0.0000,0.0000,0.0000,0.0000,0.0000,0.0000,0.0000
69.704,0.0000,0.0000,0.0000,0.0000,0.0000,0.0000,0.0000,0.0000
69.804,0.0000,0.0000,0.0000,0.0000,0.0000,0.0000,0.0000,0.0000
69.904,0.0000,0.0000,0.0000,0.0000,0.0000,0.0000,0.0000,0.0000
70.005,0.0000,0.0000,0.0000,0.0000,0.0000,0.0000,0.0000,0.0000
70.104,0.0000,0.0000,0.0000,0.0000,0.0000,0.0000,0.0000,0.0000
70.204,0.0000,0.0000,0.0000,0.0000,0.0000,0.0000,0.0000,0.0000
70.304,0.0000,0.0000,0.0000,0.0000,0.0000,0.0000,0.0000,0.0000
70.404,0.0000,0.0000,0.0000,0.0000,0.0000,0.0000,0.0000,0.0000
70.504,0.0000,0.0000,0.0000,0.0000,0.0000,0.0000,0.0000,0.0000
70.604,0.0000,0.0000,0.0000,0.0000,0.0000,0.0000,0.0000,0.0000
70.704,0.0000,0.0000,0.0000,0.0000,0.0000,0.0000,0.0000,0.0000
70.804,0.0000,0.0000,0.0000,0.0000,0.0000,0.0000,0.0000,0.0000
70.904,0.0000,0.0000,0.0000,0.0000,0.0000,0.0000,0.0000,0.0000
71.004,0.0000,0.0000,0.0000,0.0000,0.0000,0.0000,0.0000,0.0000
71.104,0.0000,0.0000,0.0000,0.0000,0.0000,0.0000,0.0000,0.0000
71.204,0.0000,0.0000,0.0000,0.0000,0.0000,0.0000,0.0000,0.0000
71.304,0.0000,0.0000,0.0000,0.0000,0.0000,0.0000,0.0000,0.0000
71.404,0.0000,0.0000,0.0000,0.0000,0.0000,0.0000,0.0000,0.0000
71.504,0.0000,0.0000,0.0000,0.0000,0.0000,0.0000,0.0000,0.0000
71.604,0.0000,0.0000,0.0000,0.0000,0.0000,0.0000,0.0000,0.0000
71.704,0.0000,0.0000,0.0000,0.0000,0.0000,0.0000,0.0000,0.0000
71.804,0.0000,0.0000,0.0000,0.0000,0.0000,0.0000,0.0000,0.0000
71.904,0.0000,0.0000,0.0000,0.0000,0.0000,0.0000,0.0000,0.0000
72.004,0.0000,0.0000,0.0000,0.0000,0.0000,0.0000,0.0000,0.0000
72.104,0.0000,0.0000,0.0000,0.0000,0.0000,0.0000,0.0000,0.0000
72.204,0.0000,0.0000,0.0000,0.0000,0.0000,0.0000,0.0000,0.0000
72.304,0.0000,0.0000,0.0000,0.0000,0.0000,0.0000,0.0000,0.0000
72.404,0.0000,0.0000,0.0000,0.0000,0.0000,0.0000,0.0000,0.0000
72.504,0.0000,0.0000,0.0000,0.0000,0.0000,0.0000,0.0000,0.0000
72.604,0.0000,0.0000,0.0000,0.0000,0.0000,0.0000,0.0000,0.0000
72.704,0.0000,0.0000,0.0000,0.0000,0.0000,0.0000,0.0000,0.0000
72.804,0.0000,0.0000,0.0000,0.0000,0.0000,0.0000,0.0000,0.0000
72.904,0.0000,0.0000,0.0000,0.0000,0.0000,0.0000,0.0000,0.0000
73.004,0.0000,0.0000,0.0000,0.0000,0.0000,0.0000,0.0000,0.0000
73.104,0.0000,0.0000,0.0000,0.0000,0.0000,0.0000,0.0000,0.0000
73.204,0.0000,0.0000,0.0000,0.0000,0.0000,0.0000,0.0000,0.0000
73.304,0.0000,0.0000,0.0000,0.0000,0.0000,0.0000,0.0000,0.0000
73.404,0.0000,0.0000,0.0000,0.0000,0.0000,0.0000,0.0000,0.0000
73.504,0.0000,0.0000,0.0000,0.0000,0.0000,0.0000,0.0000,0.0000
73.604,0.0000,0.0000,0.0000,0.0000,0.0000,0.0000,0.0000,0.0000
73.704,0.0000,0.0000,0.0000,0.0000,0.0000,0.0000,0.0000,0.0000
73.804,0.0000,0.0000,0.0000,0.0000,0.0000,0.0000,0.0000,0.0000
73.904,0.0000,0.0000,0.0000,0.0000,0.0000,0.0000,0.0000,0.0000
74.004,0.0000,0.0000,0.0000,0.0000,0.0000,0.0000,0.0000,0.0000
74.104,0.0000,0.0000,0.0000,0.0000,0.0000,0.0000,0.0000,0.0000
74.204,0.0000,0.0000,0.0000,0.0000,0.0000,0.0000,0.0000,0.0000
74.304,0.0000,0.0000,0.0000,0.0000,0.0000,0.0000,0.0000,0.0000
74.404,0.0000,0.0000,0.0000,0.0000,0.0000,0.0000,0.0000,0.0000
74.504,0.0000,0.0000,0.0000,0.0000,0.0000,0.0000,0.0000,0.0000
74.604,0.0000,0.0000,0.0000,0.0000,0.0000,0.0000,0.0000,0.0000
74.704,0.0000,0.0000,0.0000,0.0000,0.0000,0.0000,0.0000,0.0000
74.804,0.0000,0.0000,0.0000,0.0000,0.0000,0.0000,0.0000,0.0000
74.904,0.0000,0.0000,0.0000,0.0000,0.0000,0.0000,0.0000,0.0000
75.004,0.0000,0.0000,0.0000,0.0000,0.0000,0.0000,0.0000,0.0000
75.105,0.0000,0.0000,0.0000,0.0000,0.0000,0.0000,0.0000,0.0000
75.205,0.0000,0.0000,0.0000,0.0000,0.0000,0.0000,0.0000,0.0000
75.304,0.0000,0.0000,0.0000,0.0000,0.0000,0.0000,0.0000,0.0000
75.404,0.0000,0.0000,0.0000,0.0000,0.0000,0.0000,0.0000,0.0000
75.504,0.0000,0.0000,0.0000,0.0000,0.0000,0.0000,0.0000,0.0000
75.604,0.0000,0.0000,0.0000,0.0000,0.0000,0.0000,0.0000,0.0000
75.705,0.0000,0.0000,0.0000,0.0000,0.0000,0.0000,0.0000,0.0000
75.805,0.0000,0.0000,0.0000,0.0000,0.0000,0.0000,0.0000,0.0000
75.904,0.0000,0.0000,0.0000,0.0000,0.0000,0.0000,0.0000,0.0000
76.004,0.0000,0.0000,0.0000,0.0000,0.0000,0.0000,0.0000,0.0000
76.104,0.0000,0.0000,0.0000,0.0000,0.0000,0.0000,0.0000,0.0000
76.205,0.0000,0.0000,0.0000,0.0000,0.0000,0.0000,0.0000,0.0000
76.304,0.0000,0.0000,0.0000,0.0000,0.0000,0.0000,0.0000,0.0000
76.405,0.0000,0.0000,0.0000,0.0000,0.0000,0.0000,0.0000,0.0000
76.505,0.0000,0.0000,0.0000,0.0000,0.0000,0.0000,0.0000,0.0000
76.604,0.0000,0.0000,0.0000,0.0000,0.0000,0.0000,0.0000,0.0000
76.705,0.0000,0.0000,0.0000,0.0000,0.0000,0.0000,0.0000,0.0000
76.805,0.0000,0.0000,0.0000,0.0000,0.0000,0.0000,0.0000,0.0000
76.904,0.0000,0.0000,0.0000,0.0000,0.0000,0.0000,0.0000,0.0000
77.004,0.0000,0.0000,0.0000,0.0000,0.0000,0.0000,0.0000,0.0000
77.104,0.0000,0.0000,0.0000,0.0000,0.0000,0.0000,0.0000,0.0000
77.204,0.0000,0.0000,0.0000,0.0000,0.0000,0.0000,0.0000,0.0000
77.304,0.0000,0.0000,0.0000,0.0000,0.0000,0.0000,0.0000,0.0000
77.404,0.0000,0.0000,0.0000,0.0000,0.0000,0.0000,0.0000,0.0000
77.504,0.0000,0.0000,0.0000,0.0000,0.0000,0.0000,0.0000,0.0000
77.604,0.0000,0.0000,0.0000,0.0000,0.0000,0.0000,0.0000,0.0000
77.704,0.0000,0.0000,0.0000,0.0000,0.0000,0.0000,0.0000,0.0000
77.804,0.0000,0.0000,0.0000,0.0000,0.0000,0.0000,0.0000,0.0000
77.904,0.0000,0.0000,0.0000,0.0000,0.0000,0.0000,0.0000,0.0000
78.004,0.0000,0.0000,0.0000,0.0000,0.0000,0.0000,0.0000,0.0000
78.104,0.0000,0.0000,0.0000,0.0000,0.0000,0.0000,0.0000,0.0000
78.204,0.0000,0.0000,0.0000,0.0000,0.0000,0.0000,0.0000,0.0000
78.304,0.0000,0.0000,0.0000,0.0000,0.0000,0.0000,0.0000,0.0000
78.404,0.0000,0.0000,0.0000,0.0000,0.0000,0.0000,0.0000,0.0000
78.504,0.0000,0.0000,0.0000,0.0000,0.0000,0.0000,0.0000,0.0000
78.604,0.0000,0.0000,0.0000,0.0000,0.0000,0.0000,0.0000,0.0000
78.704,0.0000,0.0000,0.0000,0.0000,0.0000,0.0000,0.0000,0.0000
78.804,0.0000,0.0000,0.0000,0.0000,0.0000,0.0000,0.0000,0.0000
78.904,0.0000,0.0000,0.0000,0.0000,0.0000,0.0000,0.0000,0.0000
79.004,0.0000,0.0000,0.0000,0.0000,0.0000,0.0000,0.0000,0.0000
79.104,0.0000,0.0000,0.0000,0.0000,0.0000,0.0000,0.0000,0.0000
79.204,0.0000,0.0000,0.0000,0.0000,0.0000,0.0000,0.0000,0.0000
79.304,0.0000,0.0000,0.0000,0.0000,0.0000,0.0000,0.0000,0.0000
79.404,0.0000,0.0000,0.0000,0.0000,0.0000,0.0000,0.0000,0.0000
79.504,0.0000,0.0000,0.0000,0.0000,0.0000,0.0000,0.0000,0.0000
79.604,0.0000,0.0000,0.0000,0.0000,0.0000,0.0000,0.0000,0.0000
79.704,0.0000,0.0000,0.0000,0.0000,0.0000,0.0000,0.0000,0.0000
79.804,0.0000,0.0000,0.0000,0.0000,0.0000,0.0000,0.0000,0.0000
79.904,0.0000,0.0000,0.0000,0.0000,0.0000,0.0000,0.0000,0.0000
80.004,0.0000,0.0000,0.0000,0.0000,0.0000,0.0000,0.0000,0.0000
80.104,0.0000,0.0000,0.0000,0.0000,0.0000,0.0000,0.0000,0.0000
80.204,0.0000,0.0000,0.0000,0.0000,0.0000,0.0000,0.0000,0.0000
80.304,0.0000,0.0000,0.0000,0.0000,0.0000,0.0000,0.0000,0.0000
80.404,0.0000,0.0000,0.0000,0.0000,0.0000,0.0000,0.0000,0.0000
80.504,0.0000,0.0000,0.0000,0.0000,0.0000,0.0000,0.0000,0.0000
80.604,0.0000,0.0000,0.0000,0.0000,0.0000,0.0000,0.0000,0.0000
80.704,0.0000,0.0000,0.0000,0.0000,0.0000,0.0000,0.0000,0.0000
80.804,0.0000,0.0000,0.0000,0.0000,0.0000,0.0000,0.0000,0.0000
80.904,0.0000,0.0000,0.0000,0.0000,0.0000,0.0000,0.0000,0.0000
81.004,0.0000,0.0000,0.0000,0.0000,0.0000,0.0000,0.0000,0.0000
81.104,0.0000,0.0000,0.0000,0.0000,0.0000,0.0000,0.0000,0.0000
81.204,0.0000,0.0000,0.0000,0.0000,0.0000,0.0000,0.0000,0.0000
81.304,0.0000,0.0000,0.0000,0.0000,0.0000,0.0000,0.0000,0.0000
81.404,0.0000,0.0000,0.0000,0.0000,0.0000,0.0000,0.0000,0.0000
81.504,0.0000,0.0000,0.0000,0.0000,0.0000,0.0000,0.0000,0.0000
81.604,0.0000,0.0000,0.0000,0.0000,0.0000,0.0000,0.0000,0.0000
81.704,0.0000,0.0000,0.0000,0.0000,0.0000,0.0000,0.0000,0.0000
81.804,0.0000,0.0000,0.0000,0.0000,0.0000,0.0000,0.0000,0.0000
81.904,0.0000,0.0000,0.0000,0.0000,0.0000,0.0000,0.0000,0.0000
82.004,0.0000,0.0000,0.0000,0.0000,0.0000,0.0000,0.0000,0.0000
82.104,0.0000,0.0000,0.0000,0.0000,0.0000,0.0000,0.0000,0.0000
82.204,0.0000,0.0000,0.0000,0.0000,0.0000,0.0000,0.0000,0.0000
82.304,0.0000,0.0000,0.0000,0.0000,0.0000,0.0000,0.0000,0.0000
82.405,0.0000,0.0000,0.0000,0.0000,0.0000,0.0000,0.0000,0.0000
82.504,0.0000,0.0000,0.0000,0.0000,0.0000,0.0000,0.0000,0.0000
82.604,0.0000,0.0000,0.0000,0.0000,0.0000,0.0000,0.0000,0.0000
82.704,0.0000,0.0000,0.0000,0.0000,0.0000,0.0000,0.0000,0.0000
82.804,0.0000,0.0000,0.0000,0.0000,0.0000,0.0000,0.0000,0.0000
82.904,0.0000,0.0000,0.0000,0.0000,0.0000,0.0000,0.0000,0.0000
83.004,0.0000,0.0000,0.0000,0.0000,0.0000,0.0000,0.0000,0.0000
83.105,0.0000,0.0000,0.0000,0.0000,0.0000,0.0000,0.0000,0.0000
83.205,0.0000,0.0000,0.0000,0.0000,0.0000,0.0000,0.0000,0.0000
83.304,0.0000,0.0000,0.0000,0.0000,0.0000,0.0000,0.0000,0.0000
83.404,0.0000,0.0000,0.0000,0.0000,0.0000,0.0000,0.0000,0.0000
83.504,0.0000,0.0000,0.0000,0.0000,0.0000,0.0000,0.0000,0.0000
83.604,0.0000,0.0000,0.0000,0.0000,0.0000,0.0000,0.0000,0.0000
83.704,0.0000,0.0000,0.0000,0.0000,0.0000,0.0000,0.0000,0.0000
83.804,0.0000,0.0000,0.0000,0.0000,0.0000,0.0000,0.0000,0.0000
83.904,0.0000,0.0000,0.0000,0.0000,0.0000,0.0000,0.0000,0.0000
84.004,0.0000,0.0000,0.0000,0.0000,0.0000,0.0000,0.0000,0.0000
84.104,0.0000,0.0000,0.0000,0.0000,0.0000,0.0000,0.0000,0.0000
84.205,0.0000,0.0000,0.0000,0.0000,0.0000,0.0000,0.0000,0.0000
84.304,0.0000,0.0000,0.0000,0.0000,0.0000,0.0000,0.0000,0.0000
84.404,0.0000,0.0000,0.0000,0.0000,0.0000,0.0000,0.0000,0.0000
84.504,0.0000,0.0000,0.0000,0.0000,0.0000,0.0000,0.0000,0.0000
84.604,0.0000,0.0000,0.0000,0.0000,0.0000,0.0000,0.0000,0.0000
84.704,0.0000,0.0000,0.0000,0.0000,0.0000,0.0000,0.0000,0.0000
84.804,0.0000,0.0000,0.0000,0.0000,0.0000,0.0000,0.0000,0.0000
84.905,0.0000,0.0000,0.0000,0.0000,0.0000,0.0000,0.0000,0.0000
85.004,0.0000,0.0000,0.0000,0.0000,0.0000,0.0000,0.0000,0.0000
85.104,0.0000,0.0000,0.0000,0.0000,0.0000,0.0000,0.0000,0.0000
85.204,0.0000,0.0000,0.0000,0.0000,0.0000,0.0000,0.0000,0.0000
85.304,0.0000,0.0000,0.0000,0.0000,0.0000,0.0000,0.0000,0.0000
85.404,0.0000,0.0000,0.0000,0.0000,0.0000,0.0000,0.0000,0.0000
85.505,0.0000,0.0000,0.0000,0.0000,0.0000,0.0000,0.0000,0.0000
85.604,0.0000,0.0000,0.0000,0.0000,0.0000,0.0000,0.0000,0.0000
85.704,0.0000,0.0000,0.0000,0.0000,0.0000,0.0000,0.0000,0.0000
85.804,0.0000,0.0000,0.0000,0.0000,0.0000,0.0000,0.0000,0.0000
85.904,0.0000,0.0000,0.0000,0.0000,0.0000,0.0000,0.0000,0.0000
86.004,0.0000,0.0000,0.0000,0.0000,0.0000,0.0000,0.0000,0.0000
86.105,0.0000,0.0000,0.0000,0.0000,0.0000,0.0000,0.0000,0.0000
86.204,0.0000,0.0000,0.0000,0.0000,0.0000,0.0000,0.0000,0.0000
86.304,0.0000,0.0000,0.0000,0.0000,0.0000,0.0000,0.0000,0.0000
86.404,0.0000,0.0000,0.0000,0.0000,0.0000,0.0000,0.0000,0.0000
86.504,0.0000,0.0000,0.0000,0.0000,0.0000,0.0000,0.0000,0.0000
86.604,0.0000,0.0000,0.0000,0.0000,0.0000,0.0000,0.0000,0.0000
86.704,0.0000,0.0000,0.0000,0.0000,0.0000,0.0000,0.0000,0.0000
86.805,0.0000,0.0000,0.0000,0.0000,0.0000,0.0000,0.0000,0.0000
86.904,0.0000,0.0000,0.0000,0.0000,0.0000,0.0000,0.0000,0.0000
87.004,0.0000,0.0000,0.0000,0.0000,0.0000,0.0000,0.0000,0.0000
87.104,0.0000,0.0000,0.0000,0.0000,0.0000,0.0000,0.0000,0.0000
87.204,0.0000,0.0000,0.0000,0.0000,0.0000,0.0000,0.0000,0.0000
87.304,0.0000,0.0000,0.0000,0.0000,0.0000,0.0000,0.0000,0.0000
87.404,0.0000,0.0000,0.0000,0.0000,0.0000,0.0000,0.0000,0.0000
87.504,0.0000,0.0000,0.0000,0.0000,0.0000,0.0000,0.0000,0.0000
87.604,0.0000,0.0000,0.0000,0.0000,0.0000,0.0000,0.0000,0.0000
87.704,0.0000,0.0000,0.0000,0.0000,0.0000,0.0000,0.0000,0.0000
87.804,0.0000,0.0000,0.0000,0.0000,0.0000,0.0000,0.0000,0.0000
87.905,0.0000,0.0000,0.0000,0.0000,0.0000,0.0000,0.0000,0.0000
